{
  "meta": {
    "dataset_path": "data/analysis/graded_occurrences_latest.jsonl",
    "excluded_error_rows": 3229,
    "excluded_ineligible_rows": 4994,
    "generated_at_utc": "2026-02-17T01:40:12.952571+00:00",
    "graded_rows": 2877,
    "graded_unique_signals": 685,
    "total_rows": 11143
  },
  "rows": [
    {
      "avg_odds": -85.86764705882354,
      "bets_with_units": 70,
      "losses": 247,
      "n": 457,
      "net_units": 10.102000000000004,
      "odds_count": 68,
      "odds_sum": -5839.0,
      "pushes": 2,
      "roi": 0.14431428571428576,
      "source_id": "action",
      "units_missing_count": 387,
      "win_pct": 0.45714285714285713,
      "wins": 208
    },
    {
      "avg_odds": -70.34285714285714,
      "bets_with_units": 245,
      "losses": 151,
      "n": 289,
      "net_units": -25.37599999999999,
      "odds_count": 245,
      "odds_sum": -17234.0,
      "pushes": 0,
      "roi": -0.1035755102040816,
      "source_id": "betql",
      "units_missing_count": 44,
      "win_pct": 0.47750865051903113,
      "wins": 138
    },
    {
      "avg_odds": -64.33333333333333,
      "bets_with_units": 9,
      "losses": 5,
      "n": 14,
      "net_units": 2.6369999999999996,
      "odds_count": 9,
      "odds_sum": -579.0,
      "pushes": 0,
      "roi": 0.2929999999999999,
      "source_id": "covers",
      "units_missing_count": 5,
      "win_pct": 0.6428571428571429,
      "wins": 9
    },
    {
      "avg_odds": -109.25,
      "bets_with_units": 4,
      "losses": 3,
      "n": 7,
      "net_units": -0.19799999999999995,
      "odds_count": 4,
      "odds_sum": -437.0,
      "pushes": 0,
      "roi": -0.04949999999999999,
      "source_id": "sportscapping",
      "units_missing_count": 3,
      "win_pct": 0.5714285714285714,
      "wins": 4
    }
  ]
}